Workbook
Name _000: #REF!
Name _000: #REF!
Name _000: #REF!
Name _000: #REF!
Name _000: #REF!
Name _000: #REF!
Name _000: #REF!
Name _000: #REF!
Name _1000: #REF!
Name _1000: #REF!
Name _1000: #REF!
Name _1000: #REF!
Name _1000: #REF!
Name _1000: #REF!
Name _1000: #REF!
Name _1000: #REF!
Name _101: #REF!
Name _101: #REF!
Name _101: #REF!
Name _101: #REF!
Name _101: #REF!
Name _101: #REF!
Name _101: #REF!
Name _101: #REF!
Name _102: #REF!
Name _102: #REF!
Name _102: #REF!
Name _102: #REF!
Name _102: #REF!
Name _102: #REF!
Name _102: #REF!
Name _102: #REF!
Name _103: #REF!
Name _103: #REF!
Name _103: #REF!
Name _103: #REF!
Name _103: #REF!
Name _103: #REF!
Name _103: #REF!
Name _103: #REF!
Name _201: #REF!
Name _201: #REF!
Name _201: #REF!
Name _201: #REF!
Name _201: #REF!
Name _201: #REF!
Name _201: #REF!
Name _201: #REF!
Name _202: #REF!
Name _202: #REF!
Name _202: #REF!
Name _202: #REF!
Name _202: #REF!
Name _202: #REF!
Name _202: #REF!
Name _202: #REF!
Name _202a: #REF!
Name _202a: #REF!
Name _202a: #REF!
Name _202a: #REF!

Sheet DQE REHAB BAT A
B2: TRAVAUX DE REHABILITATION
B3: BATIMENT A (avec extension toilette/douche et cuisine)
A4: N° | B4: DESIGNATIONS | C4: U | D4: QTE ECAE | E4: PU | F4: P.HT
A5: 1 | B5: INSTALLATION ET REPLI DE CHANTIER
A6: 1.1 | B6: Installation et repli de chantier | C6: Fft | D6: 1 | E6: 6000000 | F6: =+D6*E6 -> 6000000
A7: 1.2 | B7: Transport des matériaux | C7: Fft | D7: 1 | E7: 5000000 | F7: =+D7*E7 -> 5000000
B8: TOTAL INSTALLATION ET REPLI DE CHANTIER | F8: =SUM(F6:F7) -> 11000000
A9: 2 | B9: TERRASSEMENT
A10: 2.1 | B10: Evacuations des terres et débris excédentaires | C10: fft | D10: 1 | E10: 500000 | F10: =+D10*E10 -> 500000
A11: 2.2 | B11: Fouille en rigole en terrain meuble jusqu'à 0,50m pour fondation | C11: m3 | D11: 18.5 | E11: 24000 | F11: =+D11*E11 -> 444000
A12: 2.3 | B12: Remblai d'emprunt y compris nivellement, compactage et toutes sujétions. | C12: m3 | D12: =D11/2.2 -> 8.4090909 | E12: 30000 | F12: =+D12*E12 -> 252272.73
A13: TOTAL TERRASSEMENT | F13: =SUM(F10:F12) -> 1196272.7
A14: 3 | B14: OUVRAGES EN INFRASTRUCTURE
A15: 3.1 | B15: Mise en œuvre de béton de propreté dosé à 150 kg de 0,05 m d'épaisseur y compris toutes sujétions. Concerne : Béton de propreté | C15: m3 | D15: 8.78 | E15: 300000 | F15: =E15*D15 -> 2634000
A16: 3.2 | B16: Mise en œuvre de béton dosé à 250 kg ép. 10cm y compris toutes sujétions. Concerne : Béton de forme | C16: m3 | D16: =D15*2 -> 17.56 | E16: 380000 | F16: =+D16*E16 -> 6672800
A17: 3.3 | B17: Mise en œuvre de béton dosé à 350 kg y compris toutes sujétions. | C17: m3 | D17: =4.5-1 -> 3.5 | E17: 600000 | F17: =+D17*E17 -> 2100000
A18: 3.4 | B18: Fourniture et pose des armatures de tous diamètres, y compris coupe, façonnage, ligature et toutes sujétions de mise en œuvre. | C18: kg | D18: =+D17*90 -> 315 | E18: 12000 | F18: =+D18*E18 -> 3780000
A19: 3.5 | B19: Fourniture et pose de coffrage en bois ordinaire du pays, y compris toutes sujétions de mise en œuvre. | C19: m2 | D19: =+D17*14.2 -> 49.7 | E19: 25000 | F19: =+D19*E19 -> 1242500
A20: 3.6 | B20: Mise en œuvre hérissonne y compris toutes sujétions de mise en œuvre. Concerne : Dallage | C20: m3 | D20: 28.52 | E20: 110000 | F20: =+D20*E20 -> 3137200
A21: 3.7 | B21: Mise en œuvre de maçonnerie de moellon y compris toutes sujétions de mise en œuvre. Concerne : Fondation | C21: m3 | D21: 4.96 | E21: 480000 | F21: =+D21*E21 -> 2380800
A22: 3.8 | B22: Mise en œuvre de chape d'ép 4cm bouchardée au mortier dosée 400 kg, y compris toutes sujétions de mise en œuvre. Concerne : Dallage | C22: m² | D22: 182.5 | E22: 25000 | F22: =+D22*E22 -> 4562500
B23: TOTAL OUVRAGES EN INFRASTRUCTURE | F23: =SUM(F15:F22) -> 26509800
A24: 4 | B24: OUVRAGES EN SUPERSTRUCTURE
A25: 4.1 | B25: Mise en œuvre de béton dosé à 350 kg y compris toutes sujétions. | C25: m3 | D25: 16 | E25: 600000 | F25: =+D25*E25 -> 9600000
A26: 4.2 | B26: Fourniture et pose des armatures de tous diamètres, y compris coupe, façonnage, ligature et toutes sujétions de mise en œuvre. | C26: kg | D26: =+D25*90 -> 1440 | E26: 12000 | F26: =+D26*E26 -> 17280000
A27: 4.3 | B27: Fourniture et pose de coffrage en bois ordinaire du pays, y compris toutes sujétions de mise en œuvre. | C27: m2 | D27: =+D25*14.2 -> 227.2 | E27: 25000 | F27: =+D27*E27 -> 5680000
A28: TOTAL OUVRAGES EN SUPERSTRUCTURE | F28: =SUM(F25:F27) -> 32560000
A29: 5 | B29: CHARPENTE - COUVERTURE - PLAFONNAGE
A30: 5.1 | B30: Fourniture et pose de couverture en TOG 50/100ème y compris toutes sujétions. Concerne : Toiture | C30: m2 | D30: =142.96*1.2 -> 171.552 | E30: 43513.587 | F30: =+D30*E30 -> 7464842.9
A31: 5.2 | B31: Fourniture et pose de tissus thermo réflecteur sous toiture y compris fourure placo F53 pour tendeur et couvre joint du film Concerne : Toiture | C31: m2 | D31: =+D30 -> 171.552 | E31: 28451.191 | F31: =+D31*E31 -> 4880858.8
A32: 5.3 | B32: Fourniture et pose de charpentes métalliques en panne C 100 y compris toutes sujétions de mise en œuvre | C32: ml | D32: =148.8*1.2 -> 178.56 | E32: 38492.788 | F32: =+D32*E32 -> 6873272.3
A33: 5.4 | B33: Fourniture et pose DEP diam100 | C33: ml | D33: 16 | E33: 87863.973 | F33: =+D33*E33 -> 1405823.6
A34: TOTAL CHARPENTE - COUVERTURE - PLAFONNAGE | F34: =SUM(F30:F33) -> 20624798
A35: 6 | B35: MACONNERIES ET RAVALEMENT
A36: 6.1 | B36: Mise en œuvres de maçonnerie de PARPAING D15 hourdés au mortier dosé à 300kg, y compris toutes sujétions. | C36: m2 | D36: =D37*0.25+100 -> 191.1875 | E36: 50000 | F36: =+D36*E36 -> 9559375
A37: 6.2 | B37: Mise en œuvre d'enduit dosé au mortier dosé à 350 kg y compris toutes sujétions Concerne : Ravalement | C37: m2 | D37: 364.75 | E37: 25000 | F37: =+D37*E37 -> 9118750
A38: 6.3 | B38: Mise en œuvre d'un enduit décoratif au mortier, rainuré et tracé régulièrement en appareillage de briques, avec peinture de finition adaptée, y compris préparation du support et toutes sujétions. | C38: m2 | D38: =D43*0.3 -> 95.655 | E38: 10000 | F38: =D38*E38 -> 956550
B39: TOTAL MACONNERIES ET RAVALEMENT | F39: =SUM(F36:F38) -> 19634675
A40: 7 | B40: PEINTURE
A41: 7.1 | B41: Enduit de peintre beissier | C41: m2 | D41: =D42 -> 348.5625 | E41: 9000 | F41: =+D41*E41 -> 3137062.5
A42: 7.2 | B42: Peinture acrylique intérieure en deux couches | C42: m2 | D42: 348.5625 | E42: 8000 | F42: =+D42*E42 -> 2788500
A43: 7.3 | B43: Peinture acrylique extérieure en deux couches | C43: m2 | D43: 318.85 | E43: 8000 | F43: =+D43*E43 -> 2550800
A44: 7.5 | B44: Peinture sol | C44: m2 | D44: =D22 -> 182.5 | E44: 15000 | F44: =D44*E44 -> 2737500
A45: 7.4 | B45: Peinture glycérophtalique en deux couches | C45: m2 | D45: 32.2 | E45: 15000 | F45: =+D45*E45 -> 483000
A46: TOTAL PEINTURE | F46: =SUM(F41:F45) -> 11696862
A47: 8 | B47: MENUISERIE ET VITRERIES
A48: 8.1 | B48: Porte métallique semi persienne dim. 0,9x2,10m | C48: u | D48: 5 | E48: 900000 | F48: =SUM(D48*E48) -> 4500000
A49: 8.2 | B49: Châssis vitrée 0,9x1m | C49: u | D49: 7 | E49: 850000 | F49: =SUM(D49*E49) -> 5950000
A50: 8.3 | B50: Mise en œuvre garde-corps en bois naturel de qualité (forme croix) y compris fourniture et pose | C50: ml | D50: 27 | E50: 200000 | F50: =D50*E50 -> 5400000
A51: TOTAL MENUISERIE ET VITRERIES | F51: =SUM(F48:F50) -> 15850000
A52: 9 | B52: ELECTRICITE
A53: 9.1 | B53: Tableau divisionnaire TD équipé de disjoncteur | C53: U | D53: 1 | E53: 800000 | F53: =+D53*E53 -> 800000
A54: 9.2 | B54: Fourniture et pose de points lumineux type réglettes LED 120 cm | C54: U | D54: 6 | E54: 150000 | F54: =+D54*E54 -> 900000
A55: 9.3 | B55: Interrupteur blanc 10A (Legrand ou équivalent) | C55: U | D55: 5 | E55: 20000 | F55: =+D55*E55 -> 100000
A56: 9.4 | B56: Prise de terre 2P+T étanche ou murale 16A | C56: U | D56: 12 | E56: 30000 | F56: =+D56*E56 -> 360000
A57: 9.5 | B57: Câble électrique rigide RO2V 1.5mm² (pour éclairage) | C57: ml | D57: 205 | E57: 7000 | F57: =+E57*D57 -> 1435000
A58: 9.6 | B58: Câble électrique rigide RO2V 2.5mm² (pour prises) | C58: ml | D58: 230 | E58: 6000 | F58: =+E58*D58 -> 1380000
A59: 9.7 | B59: Gaine ICTA annelée tire-fils Ø20-25mm (pour encastrement des câbles) | C59: ml | D59: =D57+D58 -> 435 | E59: 3000 | F59: =+E59*D59 -> 1305000
A60: 9.8 | B60: Applique acier nickel mat PASSA GU10 2X3w h170 | C60: u | D60: 6 | E60: 130000 | F60: =+E60*D60 -> 780000
A61: TOTAL ELECTRICITE | F61: =SUM(F52:F60) -> 7060000
A62: 10 | B62: INSTALLATION SANITAIRE ET CUISINE (Extension)
A63: 10.1 | B63: Fourniture et pose d'évier en inox avec robinetterie complète | C63: u | D63: 1 | E63: 500000 | F63: =D63*E63 -> 500000
A64: 10.2 | B64: Fourniture et pose de WC à l'anglaise complet avec réservoir | C64: u | D64: 1 | E64: 750000 | F64: =D64*E64 -> 750000
A65: 10.3 | B65: Fourniture et pose de lavabo avec robinetterie | C65: u | D65: 1 | E65: 180000 | F65: =D65*E65 -> 180000
A66: 10.4 | B66: Fourniture et pose de receveur douche avec robinetterie | C66: u | D66: 1 | E66: 900000 | F66: =D66*E66 -> 900000
A67: 10.5 | B67: Plan de travail cuisine en béton armé dosé à 350 kg | C67: M3 | D67: 1 | E67: 1700000 | F67: =D67*E67 -> 1700000
A68: 10.6 | B68: Tuyauterie PVC évacuation et alimentation y compris raccords | C68: fft | D68: 1 | E68: 1350000 | F68: =D68*E68 -> 1350000
F69: =SUM(F63:F68) -> 5380000
C70: TOTAL HT | F70: =SUM(F51+F23+F8+F34+F28+F46+F61+F39+F13+F69) -> 1.5151241e+08
A73: RÉCAPITULATIF
A74: N° | B74: DÉSIGNATION | C74: MONTANT | F74: Le Soummisssionnaire
A75: 1 | B75: INSTALLATION ET REPLI DE CHANTIER | C75: =F8 -> 11000000
A76: 2 | B76: TERRASSEMENT | C76: =F13 -> 1196272.7
A77: 3 | B77: OUVRAGES EN INFRASTRUCTURE | C77: =F23 -> 26509800
A78: 4 | B78: OUVRAGES EN SUPERSTRUCTURE | C78: =F28 -> 32560000
A79: 5 | B79: CHARPENTE - COUVERTURE - PLAFONNAGE | C79: =F34 -> 20624798
A80: 6 | B80: MACONNERIES ET RAVALEMENT | C80: =F39 -> 19634675
A81: 7 | B81: PEINTURE | C81: =F46 -> 11696862
A82: 8 | B82: MENUISERIE ET VITRERIES | C82: =F51 -> 15850000
A83: 9 | B83: ELECTRICITE | C83: =F61 -> 7060000
A84: 10 | B84: INSTALLATION SANITAIRE ET CUISINE | C84: =F69 -> 5380000
A85: TOTAL GÉNÉRAL HT | C85: =SUM(C75:C84) -> 1.5151241e+08
A87: Arrêté le présent devis à la somme de: "Cent cinquante et un millions cinq cent douze mille quatre cent huit Ariary"

Sheet DQE REHAB BAT B
B2: TRAVAUX DE REHABILITATION
B3: BATIMENT B
A4: N° | B4: DESIGNATIONS | C4: U | D4: QTE ECAE | E4: PU | F4: P.HT
A5: 1 | B5: INSTALLATION ET REPLI DE CHANTIER
A6: 1.1 | B6: Installation et repli de chantier | C6: Fft | D6: 0 | E6: 6000000 | F6: =+D6*E6 -> 0
A7: 1.2 | B7: Transport des matériaux | C7: Fft | D7: 0 | E7: 7000000 | F7: =+D7*E7 -> 0
B8: TOTAL INSTALLATION ET REPLI DE CHANTIER | F8: =SUM(F6:F7) -> 0
A9: 2 | B9: TERRASSEMENT
A10: 2.1 | B10: Evacuations des terres et débris excédentaires | C10: fft | D10: 1 | E10: 200000 | F10: =+D10*E10 -> 200000
A11: 2.2 | B11: Fouille en rigole en terrain meuble jusqu'à 0,50m pour fondation | C11: m3 | D11: 16 | E11: 24000 | F11: =+D11*E11 -> 384000
A12: 2.3 | B12: Remblai d'emprunt y compris nivellement, compactage et toutes sujétions. | C12: m3 | D12: =D11/2.2 -> 7.2727273 | E12: 30000 | F12: =+D12*E12 -> 218181.82
A13: TOTAL TERRASSEMENT | F13: =SUM(F10:F12) -> 802181.82
A14: 3 | B14: OUVRAGES EN INFRASTRUCTURE
A15: 3.1 | B15: Mise en œuvre de béton de propreté dosé à 150 kg de 0,05 m d'épaisseur y compris toutes sujétions. Concerne : Béton de propreté | C15: m3 | D15: 2.72 | E15: 300000 | F15: =E15*D15 -> 816000
A16: 3.2 | B16: Mise en œuvre de béton dosé à 250 kg ép. 10cm y compris toutes sujétions. Concerne : Béton de forme | C16: m3 | D16: =D15*2 -> 5.44 | E16: 380000 | F16: =+D16*E16 -> 2067200
A17: 3.3 | B17: Mise en œuvre de béton dosé à 350 kg y compris toutes sujétions. | C17: m3 | D17: 1.5 | E17: 600000 | F17: =+D17*E17 -> 900000
A18: 3.4 | B18: Fourniture et pose des armatures de tous diamètres, y compris coupe, façonnage, ligature et toutes sujétions de mise en œuvre. | C18: kg | D18: =D17*90 -> 135 | E18: 12000 | F18: =+D18*E18 -> 1620000
A19: 3.5 | B19: Fourniture et pose de coffrage en bois ordinaire du pays, y compris toutes sujétions de mise en œuvre. | C19: m2 | D19: =D17*14.2 -> 21.3 | E19: 25000 | F19: =+D19*E19 -> 532500
A20: 3.6 | B20: Mise en œuvre hérissonne y compris toutes sujétions de mise en œuvre. Concerne : Dallage | C20: m3 | D20: 8.15 | E20: 110000 | F20: =+D20*E20 -> 896500
A21: 3.7 | B21: Mise en œuvre de maçonnerie de moellon y compris toutes sujétions de mise en œuvre. Concerne : Fondation | C21: m3 | D21: 1.78 | E21: 480000 | F21: =+D21*E21 -> 854400
A22: 3.8 | B22: Mise en œuvre de chape d'ép 4cm bouchardée au mortier dosée 400 kg, y compris toutes sujétions de mise en œuvre. Concerne : Dallage | C22: m² | D22: 56.88 | E22: 25000 | F22: =+D22*E22 -> 1422000
B23: TOTAL OUVRAGES EN INFRASTRUCTURE | F23: =SUM(F15:F22) -> 9108600
A24: 4 | B24: OUVRAGES EN SUPERSTRUCTURE
A25: 4.1 | B25: Mise en œuvre de béton dosé à 350 kg y compris toutes sujétions. | C25: m3 | D25: =8.92 -> 8.92 | E25: 600000 | F25: =+D25*E25 -> 5352000
A26: 4.2 | B26: Fourniture et pose des armatures de tous diamètres, y compris coupe, façonnage, ligature et toutes sujétions de mise en œuvre. | C26: kg | D26: =D25*90 -> 802.8 | E26: 12000 | F26: =+D26*E26 -> 9633600
A27: 4.3 | B27: Fourniture et pose de coffrage en bois ordinaire du pays, y compris toutes sujétions de mise en œuvre. | C27: m2 | D27: =D25*14.2 -> 126.664 | E27: 25000 | F27: =+D27*E27 -> 3166600
A28: TOTAL OUVRAGES EN SUPERSTRUCTURE | F28: =SUM(F25:F27) -> 18152200
A29: 5 | B29: CHARPENTE - COUVERTURE - PLAFONNAGE
A30: 5.1 | B30: Fourniture et pose de couverture en TOG 50/100ème y compris toutes sujétions. Concerne : Toiture | C30: m2 | D30: 30.23 | E30: 43513.587 | F30: =+D30*E30 -> 1315415.7
A31: 5.2 | B31: Fourniture et pose de tissus thermo réflecteur sous toiture y compris fourure placo F53 pour tendeur et couvre joint du film Concerne : Toiture | C31: m2 | D31: 30.23 | E31: 28451.191 | F31: =+D31*E31 -> 860079.52
A32: 5.3 | B32: Fourniture et pose de charpentes métalliques en panne C 100 y compris toutes sujétions de mise en œuvre | C32: ml | D32: 38.4 | E32: 38492.788 | F32: =+D32*E32 -> 1478123.1
A33: 5.4 | B33: Fourniture et pose DEP diam100 | C33: ml | D33: 10.4 | E33: 87863.973 | F33: =+D33*E33 -> 913785.32
A34: TOTAL CHARPENTE - COUVERTURE - PLAFONNAGE | F34: =SUM(F30:F33) -> 4567403.6
A35: 6 | B35: MACONNERIES ET RAVALEMENT
A36: 6.1 | B36: Mise en œuvres de maçonnerie de PARPAING D15 hourdés au mortier dosé à 300kg, y compris toutes sujétions. | C36: m2 | D36: 22.56 | E36: 50000 | F36: =+D36*E36 -> 1128000
A37: 6.2 | B37: Mise en œuvre d'enduit dosé au mortier dosé à 350 kg y compris toutes sujétions Concerne : Ravalement | C37: m2 | D37: 181.63 | E37: 25000 | F37: =+D37*E37 -> 4540750
A38: 6.3 | B38: Mise en œuvre d'un enduit décoratif au mortier, rainuré et tracé régulièrement en appareillage de briques, avec peinture de finition adaptée, y compris préparation du support et toutes sujétions. | C38: m2 | D38: =D43*0.3 -> 27.2445 | E38: 10000 | F38: =D38*E38 -> 272445
B39: TOTAL MACONNERIES ET RAVALEMENT | F39: =SUM(F36:F38) -> 5941195
A40: 7 | B40: PEINTURE
A41: 7.1 | B41: Enduit de peintre bessier | C41: m2 | D41: =D42 -> 108.978 | E41: 9000 | F41: =+D41*E41 -> 980802
A42: 7.2 | B42: Peinture acrylique intérieure en deux couches | C42: m2 | D42: =D37*0.6 -> 108.978 | E42: 8000 | F42: =+D42*E42 -> 871824
A43: 7.3 | B43: Peinture acrylique extérieure en deux couches | C43: m2 | D43: =D37*0.5 -> 90.815 | E43: 8000 | F43: =+D43*E43 -> 726520
A44: 7.5 | B44: Peinture sol | C44: m2 | D44: =D22 -> 56.88 | E44: 15000 | F44: =D44*E44 -> 853200
A45: 7.4 | B45: Peinture glycérophtalique en deux couches | C45: m2 | D45: 24.8 | E45: 15000 | F45: =+D45*E45 -> 372000
A46: TOTAL PEINTURE | F46: =SUM(F41:F45) -> 3804346
A47: 8 | B47: MENUISERIE ET VITRERIES
A48: 8.1 | B48: Porte métallique semi persienne dim. 0,9x2,10m | C48: u | D48: 2 | E48: 900000 | F48: =SUM(D48*E48) -> 1800000
A49: 8.2 | B49: Châssis vitrée 0,9x1m | C49: u | D49: 4 | E49: 850000 | F49: =SUM(D49*E49) -> 3400000
A50: 8.3 | B50: Mise en œuvre garde-corps en bois naturel de qualité (forme croix) y compris fourniture et pose | C50: ml | D50: 7 | E50: 200000 | F50: =D50*E50 -> 1400000
A51: TOTAL MENUISERIE ET VITRERIES | F51: =SUM(F48:F50) -> 6600000
A52: 9 | B52: ELECTRICITE
A53: 9.1 | B53: Tableau divisionnaire TD équipé de disjoncteur | C53: U | D53: 1 | E53: 500000 | F53: =+D53*E53 -> 500000
A54: 9.2 | B54: Fourniture et pose de points lumineux type réglettes LED 120 cm | C54: U | D54: 2 | E54: 250000 | F54: =+D54*E54 -> 500000
A55: 9.3 | B55: Interrupteur blanc 10A (Legrand ou équivalent) | C55: U | D55: 2 | E55: 20000 | F55: =+D55*E55 -> 40000
A56: 9.4 | B56: Prise de terre 2P+T étanche ou murale 16A | C56: U | D56: 4 | E56: 30000 | F56: =+D56*E56 -> 120000
A57: 9.5 | B57: Câble électrique rigide RO2V 1.5mm² (pour éclairage) | C57: ml | D57: 60 | E57: =+'DQE REHAB BAT A'!E57 -> 7000 | F57: =+E57*D57 -> 420000
A58: 9.6 | B58: Câble électrique rigide RO2V 2.5mm² (pour prises) | C58: ml | D58: 80 | E58: =+'DQE REHAB BAT A'!E58 -> 6000 | F58: =+E58*D58 -> 480000
A59: 9.7 | B59: Gaine ICTA annelée tire-fils Ø20-25mm (pour encastrement des câbles) | C59: ml | D59: =D57+D58 -> 140 | E59: =+'DQE REHAB BAT A'!E59 -> 3000 | F59: =+E59*D59 -> 420000
A60: 9.8 | B60: Applique acier nickel mat PASSA GU10 2X3w h170 | C60: u | D60: 4 | E60: 130000 | F60: =+E60*D60 -> 520000
A61: TOTAL ELECTRICITE | F61: =SUM(F52:F60) -> 3000000
C62: TOTAL HT | F62: =SUM(F51+F23+F8+F34+F28+F46+F61+F39+F13) -> 51975926
A65: RÉCAPITULATIF
A66: N° | B66: DÉSIGNATION | C66: MONTANT | F66: Le Soummisssionnaire
A67: 1 | B67: INSTALLATION ET REPLI DE CHANTIER | C67: =F8 -> 0
A68: 2 | B68: TERRASSEMENT | C68: =F13 -> 802181.82
A69: 3 | B69: OUVRAGES EN INFRASTRUCTURE | C69: =F23 -> 9108600
A70: 4 | B70: OUVRAGES EN SUPERSTRUCTURE | C70: =F28 -> 18152200
A71: 5 | B71: CHARPENTE - COUVERTURE - PLAFONNAGE | C71: =F34 -> 4567403.6
A72: 6 | B72: MACONNERIES ET RAVALEMENT | C72: =F39 -> 5941195
A73: 7 | B73: PEINTURE | C73: =F46 -> 3804346
A74: 8 | B74: MENUISERIE ET VITRERIES | C74: =F51 -> 6600000
A75: 9 | B75: ELECTRICITE | C75: =F61 -> 3000000
A76: TOTAL GÉNÉRAL HT | C76: =SUM(C67:C75) -> 51975926
A78: Arrêté le présent devis à la somme de: "Cinquante deux millions deux cent soixante quinze mille neuf cent vingt six Ariary"

Sheet DQE REHAB BAT C
B2: TRAVAUX DE REHABILITATION
B3: BATIMENT C
A4: N° | B4: DESIGNATIONS | C4: U | D4: QTE ECAE | E4: PU | F4: P.HT
A5: 1 | B5: INSTALLATION ET REPLI DE CHANTIER
A6: 1.1 | B6: Installation et repli de chantier | C6: Fft | D6: 0 | E6: 6000000 | F6: =+D6*E6 -> 0
A7: 1.2 | B7: Transport des matériaux | C7: Fft | D7: 0 | E7: 7000000 | F7: =+D7*E7 -> 0
B8: TOTAL INSTALLATION ET REPLI DE CHANTIER | F8: =SUM(F6:F7) -> 0
A9: 2 | B9: TERRASSEMENT
A10: 2.1 | B10: Evacuations des terres et débris excédentaires | C10: fft | D10: 1 | E10: 200000 | F10: =+D10*E10 -> 200000
A11: 2.2 | B11: Fouille en rigole en terrain meuble jusqu'à 0,50m pour fondation | C11: m3 | D11: 16 | E11: 24000 | F11: =+D11*E11 -> 384000
A12: 2.3 | B12: Remblai d'emprunt y compris nivellement, compactage et toutes sujétions. | C12: m3 | D12: =D11/2.2 -> 7.2727273 | E12: 30000 | F12: =+D12*E12 -> 218181.82
A13: TOTAL TERRASSEMENT | F13: =SUM(F10:F12) -> 802181.82
A14: 3 | B14: OUVRAGES EN INFRASTRUCTURE
A15: 3.1 | B15: Mise en œuvre de béton de propreté dosé à 150 kg de 0,05 m d'épaisseur y compris toutes sujétions. Concerne : Béton de propreté | C15: m3 | D15: 2.72 | E15: 300000 | F15: =E15*D15 -> 816000
A16: 3.2 | B16: Mise en œuvre de béton dosé à 250 kg ép. 10cm y compris toutes sujétions. Concerne : Béton de forme | C16: m3 | D16: =D15*2 -> 5.44 | E16: 380000 | F16: =+D16*E16 -> 2067200
A17: 3.3 | B17: Mise en œuvre de béton dosé à 350 kg y compris toutes sujétions. | C17: m3 | D17: 1.5 | E17: 600000 | F17: =+D17*E17 -> 900000
A18: 3.4 | B18: Fourniture et pose des armatures de tous diamètres, y compris coupe, façonnage, ligature et toutes sujétions de mise en œuvre. | C18: kg | D18: =D17*90 -> 135 | E18: 12000 | F18: =+D18*E18 -> 1620000
A19: 3.5 | B19: Fourniture et pose de coffrage en bois ordinaire du pays, y compris toutes sujétions de mise en œuvre. | C19: m2 | D19: =D17*14.2 -> 21.3 | E19: 25000 | F19: =+D19*E19 -> 532500
A20: 3.6 | B20: Mise en œuvre hérissonne y compris toutes sujétions de mise en œuvre. Concerne : Dallage | C20: m3 | D20: 8.15 | E20: 110000 | F20: =+D20*E20 -> 896500
A21: 3.7 | B21: Mise en œuvre de maçonnerie de moellon y compris toutes sujétions de mise en œuvre. Concerne : Fondation | C21: m3 | D21: 1.78 | E21: 480000 | F21: =+D21*E21 -> 854400
A22: 3.8 | B22: Mise en œuvre de chape d'ép 4cm bouchardée au mortier dosée 400 kg, y compris toutes sujétions de mise en œuvre. Concerne : Dallage | C22: m² | D22: 56.88 | E22: 25000 | F22: =+D22*E22 -> 1422000
B23: TOTAL OUVRAGES EN INFRASTRUCTURE | F23: =SUM(F15:F22) -> 9108600
A24: 4 | B24: OUVRAGES EN SUPERSTRUCTURE
A25: 4.1 | B25: Mise en œuvre de béton dosé à 350 kg y compris toutes sujétions. | C25: m3 | D25: =8.92 -> 8.92 | E25: 600000 | F25: =+D25*E25 -> 5352000
A26: 4.2 | B26: Fourniture et pose des armatures de tous diamètres, y compris coupe, façonnage, ligature et toutes sujétions de mise en œuvre. | C26: kg | D26: =D25*90 -> 802.8 | E26: 12000 | F26: =+D26*E26 -> 9633600
A27: 4.3 | B27: Fourniture et pose de coffrage en bois ordinaire du pays, y compris toutes sujétions de mise en œuvre. | C27: m2 | D27: =D25*14.2 -> 126.664 | E27: 25000 | F27: =+D27*E27 -> 3166600
A28: TOTAL OUVRAGES EN SUPERSTRUCTURE | F28: =SUM(F25:F27) -> 18152200
A29: 5 | B29: CHARPENTE - COUVERTURE - PLAFONNAGE
A30: 5.1 | B30: Fourniture et pose de couverture en TOG 50/100ème y compris toutes sujétions. Concerne : Toiture | C30: m2 | D30: 30.23 | E30: 43513.587 | F30: =+D30*E30 -> 1315415.7
A31: 5.2 | B31: Fourniture et pose de tissus thermo réflecteur sous toiture y compris fourure placo F53 pour tendeur et couvre joint du film Concerne : Toiture | C31: m2 | D31: 30.23 | E31: 28451.191 | F31: =+D31*E31 -> 860079.52
A32: 5.3 | B32: Fourniture et pose de charpentes métalliques en panne C 100 y compris toutes sujétions de mise en œuvre | C32: ml | D32: 38.4 | E32: 38492.788 | F32: =+D32*E32 -> 1478123.1
A33: 5.4 | B33: Fourniture et pose DEP diam100 | C33: ml | D33: 10.4 | E33: 87863.973 | F33: =+D33*E33 -> 913785.32
A34: TOTAL CHARPENTE - COUVERTURE - PLAFONNAGE | F34: =SUM(F30:F33) -> 4567403.6
A35: 6 | B35: MACONNERIES ET RAVALEMENT
A36: 6.1 | B36: Mise en œuvres de maçonnerie de PARPAING D15 hourdés au mortier dosé à 300kg, y compris toutes sujétions. | C36: m2 | D36: 22.56 | E36: 50000 | F36: =+D36*E36 -> 1128000
A37: 6.2 | B37: Mise en œuvre d'enduit dosé au mortier dosé à 350 kg y compris toutes sujétions Concerne : Ravalement | C37: m2 | D37: 181.63 | E37: 25000 | F37: =+D37*E37 -> 4540750
A38: 6.3 | B38: Mise en œuvre d'un enduit décoratif au mortier, rainuré et tracé régulièrement en appareillage de briques, avec peinture de finition adaptée, y compris préparation du support et toutes sujétions. | C38: m2 | D38: =D43*0.3 -> 27.2445 | E38: 10000 | F38: =D38*E38 -> 272445
B39: TOTAL MACONNERIES ET RAVALEMENT | F39: =SUM(F36:F38) -> 5941195
A40: 7 | B40: PEINTURE
A41: 7.1 | B41: Enduit de peintre bessier | C41: m2 | D41: =D42 -> 108.978 | E41: 9000 | F41: =+D41*E41 -> 980802
A42: 7.2 | B42: Peinture acrylique intérieure en deux couches | C42: m2 | D42: =D37*0.6 -> 108.978 | E42: 8000 | F42: =+D42*E42 -> 871824
A43: 7.3 | B43: Peinture acrylique extérieure en deux couches | C43: m2 | D43: =D37*0.5 -> 90.815 | E43: 8000 | F43: =+D43*E43 -> 726520
A44: 7.5 | B44: Peinture sol | C44: m2 | D44: =D22 -> 56.88 | E44: 15000 | F44: =D44*E44 -> 853200
A45: 7.4 | B45: Peinture glycérophtalique en deux couches | C45: m2 | D45: =24.8 -> 24.8 | E45: 15000 | F45: =+D45*E45 -> 372000
A46: TOTAL PEINTURE | F46: =SUM(F41:F45) -> 3804346
A47: 8 | B47: MENUISERIE ET VITRERIES
A48: 8.1 | B48: Porte métallique semi persienne dim. 0,9x2,10m | C48: u | D48: 2 | E48: 900000 | F48: =SUM(D48*E48) -> 1800000
A49: 8.2 | B49: Châssis vitrée 0,9x1m | C49: u | D49: 4 | E49: 850000 | F49: =SUM(D49*E49) -> 3400000
A50: 8.3 | B50: Mise en œuvre garde-corps en bois naturel de qualité (forme croix) y compris fourniture et pose | C50: ml | D50: 7 | E50: 200000 | F50: =D50*E50 -> 1400000
A51: TOTAL MENUISERIE ET VITRERIES | F51: =SUM(F48:F50) -> 6600000
A52: 9 | B52: ELECTRICITE
A53: 9.1 | B53: Tableau divisionnaire TD équipé de disjoncteur | C53: U | D53: 1 | E53: 500000 | F53: =+D53*E53 -> 500000
A54: 9.2 | B54: Fourniture et pose de points lumineux type réglettes LED 120 cm | C54: U | D54: 2 | E54: 250000 | F54: =+D54*E54 -> 500000
A55: 9.3 | B55: Interrupteur blanc 10A (Legrand ou équivalent) | C55: U | D55: 2 | E55: 20000 | F55: =+D55*E55 -> 40000
A56: 9.4 | B56: Prise de terre 2P+T étanche ou murale 16A | C56: U | D56: 4 | E56: 30000 | F56: =+D56*E56 -> 120000
A57: 9.5 | B57: Câble électrique rigide RO2V 1.5mm² (pour éclairage) | C57: ml | D57: 60 | E57: =+'DQE REHAB BAT B'!E57 -> 7000 | F57: =+E57*D57 -> 420000
A58: 9.6 | B58: Câble électrique rigide RO2V 2.5mm² (pour prises) | C58: ml | D58: 80 | E58: =+'DQE REHAB BAT B'!E58 -> 6000 | F58: =+E58*D58 -> 480000
A59: 9.7 | B59: Gaine ICTA annelée tire-fils Ø20-25mm (pour encastrement des câbles) | C59: ml | D59: =D57+D58 -> 140 | E59: =+'DQE REHAB BAT B'!E59 -> 3000 | F59: =+E59*D59 -> 420000
A60: 9.8 | B60: Applique acier nickel mat PASSA GU10 2X3w h170 | C60: u | D60: 4 | E60: 130000 | F60: =+E60*D60 -> 520000
A61: TOTAL ELECTRICITE | F61: =SUM(F52:F60) -> 3000000
C62: TOTAL HT | F62: =SUM(F51+F23+F8+F34+F28+F46+F61+F39+F13) -> 51975926
A65: RÉCAPITULATIF
A66: N° | B66: DÉSIGNATION | C66: MONTANT | F66: Le Soummisssionnaire
A67: 1 | B67: INSTALLATION ET REPLI DE CHANTIER | C67: =F8 -> 0
A68: 2 | B68: TERRASSEMENT | C68: =F13 -> 802181.82
A69: 3 | B69: OUVRAGES EN INFRASTRUCTURE | C69: =F23 -> 9108600
A70: 4 | B70: OUVRAGES EN SUPERSTRUCTURE | C70: =F28 -> 18152200
A71: 5 | B71: CHARPENTE - COUVERTURE - PLAFONNAGE | C71: =F34 -> 4567403.6
A72: 6 | B72: MACONNERIES ET RAVALEMENT | C72: =F39 -> 5941195
A73: 7 | B73: PEINTURE | C73: =F46 -> 3804346
A74: 8 | B74: MENUISERIE ET VITRERIES | C74: =F51 -> 6600000
A75: 9 | B75: ELECTRICITE | C75: =F61 -> 3000000
A76: TOTAL GÉNÉRAL HT | C76: =SUM(C67:C75) -> 51975926
A78: Arrêté le présent devis à la somme de: "Cinquante deux millions deux cent soixante quinze mille neuf cent vingt six Ariary"

Sheet DQE REHAB BLOC SANITAIRE
B2: TRAVAUX DE REHABILITATION
B3: BLOC SANITAIRE A 6 COMPARTIMENTS
A4: N° | B4: DESIGNATIONS | C4: U | D4: QTE ECAE | E4: PU | F4: P.HT
A5: 1 | B5: INSTALLATION ET REPLI DE CHANTIER
A6: 1.1 | B6: Installation et repli de chantier | C6: Fft | D6: 0 | E6: 6000000 | F6: =+D6*E6 -> 0
A7: 1.2 | B7: Transport des matériaux | C7: Fft | D7: 0 | E7: 7000000 | F7: =+D7*E7 -> 0
B8: TOTAL INSTALLATION ET REPLI DE CHANTIER | F8: =SUM(F6:F7) -> 0
A9: 2 | B9: TERRASSEMENT
A10: 2.1 | B10: Débroussaillage, évacuations des terres et débris excédentaires | C10: fft | D10: 1 | E10: 200000 | F10: =E10*D10 -> 200000
A11: TOTAL TERRASSEMENT | F11: =SUM(F10) -> 200000
A12: 3 | B12: OUVRAGES EN INFRASTRUCTURE
A13: 3.1 | B13: Mise en œuvre de béton de propreté dosé à 150 kg de 0,05 m d'épaisseur y compris toutes sujétions. Concerne : Béton de propreté | C13: m3 | D13: 0.61 | E13: 300000 | F13: =E13*D13 -> 183000
A14: 3.2 | B14: Mise en œuvre de béton dosé à 250 kg ép. 8cm y compris toutes sujétions. Concerne : Béton de forme | C14: m3 | D14: 0.916 | E14: 380000 | F14: =+D14*E14 -> 348080
A15: 3.6 | B15: Mise en œuvre hérissonne y compris toutes sujétions de mise en œuvre. Concerne : Dallage | C15: m3 | D15: 1.63 | E15: 110000 | F15: =+D15*E15 -> 179300
A16: 3.8 | B16: Mise en œuvre de chape d'ép 4cm bouchardée au mortier dosée 400 kg, y compris toutes sujétions de mise en œuvre. Concerne : Dallage | C16: m² | D16: 11.2 | E16: 25000 | F16: =+D16*E16 -> 280000
B17: TOTAL OUVRAGES EN INFRASTRUCTURE | F17: =SUM(F13:F16) -> 990380
A18: 4 | B18: OUVRAGES EN SUPERSTRUCTURE
A19: 4.1 | B19: Mise en œuvre de béton dosé à 350 kg y compris toutes sujétions. | C19: m3 | D19: 0.8 | E19: 600000 | F19: =+D19*E19 -> 480000
A20: 4.2 | B20: Fourniture et pose des armatures de tous diamètres, y compris coupe, façonnage, ligature et toutes sujétions de mise en œuvre. | C20: kg | D20: =D19*90 -> 72 | E20: 12000 | F20: =+D20*E20 -> 864000
A21: 4.3 | B21: Fourniture et pose de coffrage en bois ordinaire du pays, y compris toutes sujétions de mise en œuvre. | C21: m2 | D21: =D19*14.2 -> 11.36 | E21: 25000 | F21: =+D21*E21 -> 284000
A22: TOTAL OUVRAGES EN SUPERSTRUCTURE | F22: =SUM(F19:F21) -> 1628000
A23: 5 | B23: CHARPENTE - COUVERTURE - PLAFONNAGE
A24: 5.1 | B24: Fourniture et pose de couverture en TOG 50/100ème y compris toutes sujétions. Concerne : Toiture | C24: m2 | D24: 10.29 | E24: 43513.587 | F24: =+D24*E24 -> 447754.81
A25: 5.2 | B25: Fourniture et pose de tissus thermo réflecteur sous toiture y compris fourure placo F53 pour tendeur et couvre joint du film Concerne : Toiture | C25: m2 | D25: 10.29 | E25: 28451.191 | F25: =+D25*E25 -> 292762.76
A26: 5.3 | B26: Fourniture et pose de charpentes métalliques en panne C 100 y compris toutes sujétions de mise en œuvre | C26: ml | D26: 16 | E26: 38492.788 | F26: =+D26*E26 -> 615884.61
A27: 5.3 | B27: Fourniture et pose de gouttiere en PVC | C27: ml | D27: 8 | E27: 25000 | F27: =+D27*E27 -> 200000
A28: 5.4 | B28: Fourniture et pose DEP diam100 | C28: ml | D28: 8 | E28: 87863.973 | F28: =E28*D28 -> 702911.79
A29: TOTAL CHARPENTE - COUVERTURE - PLAFONNAGE | F29: =SUM(F28:F28) -> 702911.79
A30: 6 | B30: MACONNERIES ET RAVALEMENT
A31: 6.1 | B31: Mise en œuvres de maçonnerie de BRIQUE D15 hourdés au mortier dosé à 300kg, y compris toutes sujétions. | C31: m2 | D31: 7.64 | E31: 50000 | F31: =+D31*E31 -> 382000
A32: 6.2 | B32: Mise en œuvre d'enduit dosé au mortier dosé à 350 kg y compris toutes sujétions Concerne : Ravalement | C32: m2 | D32: 95.08 | E32: 25000 | F32: =+D32*E32 -> 2377000
A33: 6.3 | B33: Mise en œuvre d'un enduit décoratif au mortier, rainuré et tracé régulièrement en appareillage de briques, avec peinture de finition adaptée, y compris préparation du support et toutes sujétions. | C33: m2 | D33: =D38*0.3 -> 3.36 | E33: 10000 | F33: =D33*E33 -> 33600
B34: TOTAL MACONNERIES ET RAVALEMENT | F34: =SUM(F31:F33) -> 2792600
A35: 7 | B35: PEINTURE
A36: 7.1 | B36: Enduit de peintre bessier | C36: m2 | D36: =D37 -> 57.048 | E36: 9000 | F36: =+D36*E36 -> 513432
A37: 7.2 | B37: Peinture acrylique intérieure en deux couches | C37: m2 | D37: =D32*0.6 -> 57.048 | E37: 8000 | F37: =+D37*E37 -> 456384
A38: 7.3 | B38: Peinture acrylique extérieure en deux couches | C38: m2 | D38: =D16 -> 11.2 | E38: 8000 | F38: =+D38*E38 -> 89600
A39: 7.5 | B39: Peinture sol | C39: m2 | D39: =D16 -> 11.2 | E39: 15000 | F39: =D39*E39 -> 168000
A40: 7.4 | B40: Peinture glycérophtalique en deux couches | C40: m2 | D40: 19.53 | E40: 15000 | F40: =+D40*E40 -> 292950
A41: TOTAL PEINTURE | F41: =SUM(F36:F40) -> 1520366
A42: 8 | B42: MENUISERIE ET VITRERIES
A43: 8.1 | B43: Porte métallique persienne dim. 0,7x1,95m | C43: U | D43: 6 | E43: 750000 | F43: =SUM(D43*E43) -> 4500000
A44: TOTAL MENUISERIE ET VITRERIES | F44: =SUM(F43:F43) -> 4500000
A45: 9 | B45: ELECTRICITE
A46: 9.1 | B46: Tableau divisionnaire TD équipé de disjoncteur | C46: U | D46: 1 | E46: 800000 | F46: =+D46*E46 -> 800000
A47: 9.2 | B47: Fourniture et pose de points lumineux type ampoule led | C47: U | D47: 6 | E47: 20000 | F47: =+D47*E47 -> 120000
A48: 9.3 | B48: Interrupteur va-et-vient encastré blanc 10A (Legrand ou équivalent) | C48: U | D48: 6 | E48: 20000 | F48: =+D48*E48 -> 120000
A49: 9.4 | B49: Câble électrique rigide RO2V 1.5mm² (pour éclairage) | C49: ml | D49: 25 | E49: 6000 | F49: =+E49*D49 -> 150000
A50: 9.5 | B50: Gaine ICTA annelée tire-fils Ø20-25mm (pour encastrement des câbles) | C50: ml | D50: =D49 -> 25 | E50: 3000 | F50: =+E50*D50 -> 75000
A51: TOTAL ELECTRICITE | F51: =SUM(F45:F50) -> 1265000
A52: 10 | B52: REVETEMENT
A53: 10.1 | B53: Fourniture et pose de carrelage (sol, paroi de douche) | C53: m2 | D53: 12.25 | E53: 95000 | F53: =+D53*E53 -> 1163750
A54: TOTAL REVETEMENT | F54: =SUM(F53) -> 1163750
A55: 11 | B55: INSTALLATION SANITAIRE ET ASSAINISSEMENT
A56: 11.1 | B56: Kit Douche | C56: U | D56: 2 | E56: 700000 | F56: =+D56*E56 -> 1400000
A57: 11.2 | B57: Fourniture et pose de cuvette WC à la turc y compris raccordement en tuyau PVC rigide de diamètre 100 | C57: U | D57: 4 | E57: 250000 | F57: =+D57*E57 -> 1000000
A58: 11.3 | B58: Remise en état de la fosse septique | C58: fft | D58: 1 | E58: 3500000 | F58: =+D58*E58 -> 3500000
A59: 11.4 | B59: Puisard absorbant pour fosse et eaux usées | C59: fft | D59: 1 | E59: 3000000 | F59: =+D59*E59 -> 3000000
A60: 11.5 | B60: Fourniture et pose tuyau PVC pour évacuation, y compris accessoires de raccordement φ21 | C60: fft | D60: 1 | E60: 1000000 | F60: =+D60*E60 -> 1000000
A61: TOTAL INSTALLATION SANITAIRE | F61: =SUM(F55:F60) -> 9900000
C62: TOTAL HT | F62: =SUM(F44+F17+F8+F29+F22+F41+F61+F54+F51+F34+F11) -> 24663008
A65: RÉCAPITULATIF
A66: N° | B66: DÉSIGNATION | C66: MONTANT | F66: Le Soummisssionnaire
A67: 1 | B67: INSTALLATION ET REPLI DE CHANTIER | C67: =F8 -> 0
A68: 2 | B68: TERRASSEMENT | C68: =F11 -> 200000
A69: 3 | B69: OUVRAGES EN INFRASTRUCTURE | C69: =F17 -> 990380
A70: 4 | B70: OUVRAGES EN SUPERSTRUCTURE | C70: =F22 -> 1628000
A71: 5 | B71: CHARPENTE - COUVERTURE - PLAFONNAGE | C71: =F29 -> 702911.79
A72: 6 | B72: MACONNERIES ET RAVALEMENT | C72: =F34 -> 2792600
A73: 7 | B73: PEINTURE | C73: =F41 -> 1520366
A74: 8 | B74: MENUISERIE ET VITRERIES | C74: =F44 -> 4500000
A75: 9 | B75: ELECTRICITE | C75: =F51 -> 1265000
A76: 10 | B76: REVETEMENT | C76: =F54 -> 1163750
A77: 11 | B77: INSTALLATION SANITAIRE ET ASSAINISSEMENT | C77: =F61 -> 9900000
A78: TOTAL GÉNÉRAL HT | C78: =SUM(C67:C77) -> 24663008
A80: Arrêté le présent devis à la somme de: "Vingt quatre millions six cent soixante trois mille huit Ariary"

Sheet DQE LOCAL TECH
B2: TRAVAUX DE REHABILITATION
B3: LOCAL TECHNIQUE ET ELECTRIFICATION GENERALE DE LA ZONE
B4: DESIGNATIONS | C4: U | D4: QTE ECAE | E4: PU | F4: P.HT
A5: 1 | B5: MENUISERIE ET VITRERIES
A6: 1.1 | B6: Porte métallique pleine dim. 0,9x2m | C6: u | D6: 1 | E6: 900000 | F6: =SUM(D6*E6) -> 900000
A7: 1.2 | B7: Fourniture et pose de grille de protection | C7: u | D7: 1 | E7: 600000 | F7: =SUM(D7*E7) -> 600000
A8: TOTAL MENUISERIE ET VITRERIES | F8: =SUM(F6:F7) -> 1500000
A9: 2 | B9: ELECTRICITE
A10: 2.1 | B10: Tableau divisionnaire TD équipé de disjoncteur | C10: U | D10: 1 | E10: 800000 | F10: =+D10*E10 -> 800000
A11: 2.2 | B11: Câble électrique rigide RO2V 4mm² | C11: ml | D11: 150 | E11: 15000 | F11: =+E11*D11 -> 2250000
A12: 2.3 | B12: Gaine annelée rouge TPC - Ø 40mm | C12: ml | D12: 150 | E12: 10000 | F12: =+E12*D12 -> 1500000
A13: TOTAL ELECTRICITE | F13: =SUM(F10:F12) -> 4550000
C14: TOTAL HT | F14: =SUM(F8+F13) -> 6050000
A16: Arrêté le présent devis à la somme de: "Six millions cinquante mille Ariary"
F18: Le Soummisssionnaire

Sheet DQE NOUV CONSTRUCTION
B2: TRAVAUX DE CONSTRUCTION
B3: NOUVELLE CONSTRUCTION (près du château d’eau)
A4: N° | B4: DESIGNATIONS | C4: U | D4: QTE ECAE | E4: PU | F4: P.HT
A5: 1 | B5: INSTALLATION ET REPLI DE CHANTIER
A6: 1.1 | B6: Installation et repli de chantier | C6: Fft | D6: 0 | E6: 6000000 | F6: =+D6*E6 -> 0
A7: 1.2 | B7: Transport des matériaux | C7: Fft | D7: 0 | E7: 7000000 | F7: =+D7*E7 -> 0
B8: TOTAL INSTALLATION ET REPLI DE CHANTIER | F8: =SUM(F6:F7) -> 0
A9: 2 | B9: TERRASSEMENT
A10: 2.1 | B10: Fouille en rigole en terrain meuble jusqu'à 0,50m pour fondation | C10: m3 | D10: 16 | E10: 24000 | F10: =+D10*E10 -> 384000
A11: 2.2 | B11: Remblai d'emprunt y compris nivellement, compactage et toutes sujétions. | C11: m3 | D11: =D10/2.2 -> 7.2727273 | E11: 30000 | F11: =+D11*E11 -> 218181.82
A12: TOTAL TERRASSEMENT | F12: =SUM(F10:F11) -> 602181.82
A13: 3 | B13: OUVRAGES EN INFRASTRUCTURE
A14: 3.1 | B14: Mise en œuvre de béton de propreté dosé à 150 kg de 0,05 m d'épaisseur y compris toutes sujétions. Concerne : Béton de propreté | C14: m3 | D14: 2.92 | E14: 300000 | F14: =E14*D14 -> 876000
A15: 3.2 | B15: Mise en œuvre de béton dosé à 250 kg ép. 10cm y compris toutes sujétions. Concerne : Béton de forme | C15: m3 | D15: =D14*2 -> 5.84 | E15: 380000 | F15: =+D15*E15 -> 2219200
A16: 3.3 | B16: Mise en œuvre de béton dosé à 350 kg y compris toutes sujétions. | C16: m3 | D16: 2.36 | E16: 600000 | F16: =+D16*E16 -> 1416000
A17: 3.4 | B17: Fourniture et pose des armatures de tous diamètres, y compris coupe, façonnage, ligature et toutes sujétions de mise en œuvre. | C17: kg | D17: =D16*90 -> 212.4 | E17: 12000 | F17: =+D17*E17 -> 2548800
A18: 3.5 | B18: Fourniture et pose de coffrage en bois ordinaire du pays, y compris toutes sujétions de mise en œuvre. | C18: m2 | D18: =D16*14.2 -> 33.512 | E18: 25000 | F18: =+D18*E18 -> 837800
A19: 3.6 | B19: Mise en œuvre hérissonne y compris toutes sujétions de mise en œuvre. Concerne : Dallage | C19: m3 | D19: 8.465 | E19: 110000 | F19: =+D19*E19 -> 931150
A20: 3.7 | B20: Mise en œuvre de maçonnerie de moellon y compris toutes sujétions de mise en œuvre. Concerne : Fondation | C20: m3 | D20: 3.31 | E20: 480000 | F20: =+D20*E20 -> 1588800
A21: 3.8 | B21: Mise en œuvre de chape d'ép 4cm bouchardée au mortier dosée 400 kg, y compris toutes sujétions de mise en œuvre. Concerne : Dallage | C21: m² | D21: 58.6 | E21: 0 | F21: =+D21*E21 -> 0
B22: TOTAL OUVRAGES EN INFRASTRUCTURE | F22: =SUM(F14:F21) -> 10417750
A23: 4 | B23: OUVRAGES EN SUPERSTRUCTURE
A24: 4.1 | B24: Mise en œuvre de béton dosé à 350 kg y compris toutes sujétions. | C24: m3 | D24: =9.87+2 -> 11.87 | E24: 600000 | F24: =+D24*E24 -> 7122000
A25: 4.2 | B25: Fourniture et pose des armatures de tous diamètres, y compris coupe, façonnage, ligature et toutes sujétions de mise en œuvre. | C25: kg | D25: =D24*90 -> 1068.3 | E25: 12000 | F25: =+D25*E25 -> 12819600
A26: 4.3 | B26: Fourniture et pose de coffrage en bois ordinaire du pays, y compris toutes sujétions de mise en œuvre. | C26: m2 | D26: =D24*14.2 -> 168.554 | E26: 25000 | F26: =+D26*E26 -> 4213850
A27: TOTAL OUVRAGES EN SUPERSTRUCTURE | F27: =SUM(F24:F26) -> 24155450
A28: 5 | B28: CHARPENTE - COUVERTURE - PLAFONNAGE
A29: 5.1 | B29: Fourniture et pose de couverture en TOG 50/100ème y compris toutes sujétions. Concerne : Toiture | C29: m2 | D29: 32.56 | E29: 43513.587 | F29: =+D29*E29 -> 1416802.4
A30: 5.2 | B30: Fourniture et pose de tissus thermo réflecteur sous toiture y compris fourure placo F53 pour tendeur et couvre joint du film Concerne : Toiture | C30: m2 | D30: 32.56 | E30: 28451.191 | F30: =+D30*E30 -> 926370.79
A31: 5.3 | B31: Fourniture et pose de charpentes métalliques en panne C 100 y compris toutes sujétions de mise en œuvre | C31: ml | D31: 38.4 | E31: 38492.788 | F31: =+D31*E31 -> 1478123.1
A32: 5.4 | B32: Fourniture et pose DEP diam100 | C32: ml | D32: 10.4 | E32: 87863.973 | F32: =+D32*E32 -> 913785.32
A33: TOTAL CHARPENTE - COUVERTURE - PLAFONNAGE | F33: =SUM(F29:F32) -> 4735081.6
A34: 6 | B34: MACONNERIES ET RAVALEMENT
A35: 6.1 | B35: Mise en œuvres de maçonnerie de PARPAING D15 hourdés au mortier dosé à 300kg, y compris toutes sujétions. | C35: m2 | D35: 82.56 | E35: 50000 | F35: =+D35*E35 -> 4128000
A36: 6.2 | B36: Mise en œuvre d'enduit dosé au mortier dosé à 350 kg y compris toutes sujétions Concerne : Ravalement | C36: m2 | D36: =D35*2.2 -> 181.632 | E36: 25000 | F36: =+D36*E36 -> 4540800
A37: 6.3 | B37: Mise en œuvre d'un enduit décoratif au mortier, rainuré et tracé régulièrement en appareillage de briques, avec peinture de finition adaptée, y compris préparation du support et toutes sujétions. | C37: m2 | D37: =D42*0.3 -> 17.58 | E37: 10000 | F37: =D37*E37 -> 175800
B38: TOTAL MACONNERIES ET RAVALEMENT | F38: =SUM(F35:F37) -> 8844600
A39: 7 | B39: PEINTURE
A40: 7.1 | B40: Enduit de peintre bessier | C40: m2 | D40: =D41 -> 108.9792 | E40: 9000 | F40: =+D40*E40 -> 980812.8
A41: 7.2 | B41: Peinture acrylique intérieure en deux couches | C41: m2 | D41: =D36*0.6 -> 108.9792 | E41: 8000 | F41: =+D41*E41 -> 871833.6
A42: 7.3 | B42: Peinture acrylique extérieure en deux couches | C42: m2 | D42: =D21 -> 58.6 | E42: 8000 | F42: =+D42*E42 -> 468800
A43: 7.5 | B43: Peinture sol | C43: m2 | D43: =D21 -> 58.6 | E43: 15000 | F43: =D43*E43 -> 879000
A44: 7.4 | B44: Peinture glycérophtalique en deux couches | C44: m2 | D44: =12.4*2 -> 24.8 | E44: 15000 | F44: =+D44*E44 -> 372000
A45: TOTAL PEINTURE | F45: =SUM(F40:F44) -> 3572446.4
A46: 8 | B46: MENUISERIE ET VITRERIES
A47: 8.1 | B47: Porte métallique pleine dim. 0,9x2,10m | C47: u | D47: 2 | E47: 900000 | F47: =SUM(D47*E47) -> 1800000
A48: 8.2 | B48: Châssis métalliques 0,9x1m | C48: u | D48: 4 | E48: 500000 | F48: =SUM(D48*E48) -> 2000000
A49: 8.3 | B49: Mise en œuvre garde-corps en bois naturel de qualité (forme croix) y compris fourniture et pose | C49: ml | D49: 7 | E49: 200000 | F49: =D49*E49 -> 1400000
A50: TOTAL MENUISERIE ET VITRERIES | F50: =SUM(F47:F49) -> 5200000
A51: 9 | B51: ELECTRICITE
A52: 9.1 | B52: Tableau divisionnaire TD équipé de disjoncteur | C52: U | D52: 1 | E52: 500000 | F52: =+D52*E52 -> 500000
A53: 9.2 | B53: Fourniture et pose de points lumineux type réglettes LED 120 cm | C53: U | D53: 2 | E53: 250000 | F53: =+D53*E53 -> 500000
A54: 9.3 | B54: Interrupteur va-et-vient encastré blanc 10A (Legrand ou équivalent) | C54: U | D54: 2 | E54: 20000 | F54: =+D54*E54 -> 40000
A55: 9.4 | B55: Prise de terre 2P+T étanche ou murale 16A | C55: U | D55: 4 | E55: 30000 | F55: =+D55*E55 -> 120000
A56: 9.5 | B56: Câble électrique rigide RO2V 1.5mm² (pour éclairage) | C56: ml | D56: 60 | E56: 10000 | F56: =+E56*D56 -> 600000
A57: 9.6 | B57: Câble électrique rigide RO2V 2.5mm² (pour prises) | C57: ml | D57: 80 | E57: 9000 | F57: =+E57*D57 -> 720000
A58: 9.7 | B58: Gaine ICTA annelée tire-fils Ø20-25mm (pour encastrement des câbles) | C58: ml | D58: =D56+D57 -> 140 | E58: 3000 | F58: =+E58*D58 -> 420000
A59: 9.8 | B59: Applique acier nickel mat PASSA GU10 2X3w h170 | C59: u | D59: 4 | E59: 130000 | F59: =+E59*D59 -> 520000
A60: TOTAL ELECTRICITE | F60: =SUM(F51:F59) -> 3420000
C61: TOTAL HT | F61: =SUM(F50+F22+F8+F33+F27+F45+F60+F38+F12) -> 60947510
A64: RÉCAPITULATIF
A65: N° | B65: DÉSIGNATION | C65: MONTANT | F65: Le Soummisssionnaire
A66: 1 | B66: INSTALLATION ET REPLI DE CHANTIER | C66: =F8 -> 0
A67: 2 | B67: TERRASSEMENT | C67: =F12 -> 602181.82
A68: 3 | B68: OUVRAGES EN INFRASTRUCTURE | C68: =F22 -> 10417750
A69: 4 | B69: OUVRAGES EN SUPERSTRUCTURE | C69: =F27 -> 24155450
A70: 5 | B70: CHARPENTE - COUVERTURE - PLAFONNAGE | C70: =F33 -> 4735081.6
A71: 6 | B71: MACONNERIES ET RAVALEMENT | C71: =F38 -> 8844600
A72: 7 | B72: PEINTURE | C72: =F45 -> 3572446.4
A73: 8 | B73: MENUISERIE ET VITRERIES | C73: =F50 -> 5200000
A74: 9 | B74: ELECTRICITE | C74: =F60 -> 3420000
A75: TOTAL GÉNÉRAL HT | C75: =SUM(C66:C74) -> 60947510
A77: Arrêté le présent devis à la somme de: "Soixante et un millions deux cent quarante sept mille cinq cent dix Ariary"

Sheet RECAP
A2: RECAPITULATIF DES TRAVAUX DE REHABILITATION ET DE CONSTRUCTION A MANGATSA
A3: N° | B3: DESIGNATION | C3: NOMBRE | D3: PRIX UNITAIRE | E3: MONTANT
A4: 1 | B4: BATIMENT A (avec extension toilette/douche et cuisine) | C4: 1 | D4: =+'DQE REHAB BAT A'!C85 -> 1.5151241e+08 | E4: =C4*D4 -> 1.5151241e+08
A5: =A4+1 -> 2 | B5: BATIMENT B | C5: 1 | D5: ='DQE REHAB BAT B'!F62 -> 51975926 | E5: =+D5*C5 -> 51975926
A6: =A5+1 -> 3 | B6: BATIMENT C | C6: 1 | D6: ='DQE REHAB BAT C'!F62 -> 51975926 | E6: =+D6*C6 -> 51975926
A7: =A6+1 -> 4 | B7: BLOC SANITAIRE | C7: 1 | D7: ='DQE REHAB BLOC SANITAIRE'!F62 -> 24663008 | E7: =+D7*C7 -> 24663008
A8: =A7+1 -> 5 | B8: LOCAL TECHNIQUE ET ELECTRIFICATION | C8: 1 | D8: ='DQE LOCAL TECH'!F14 -> 6050000 | E8: =+D8*C8 -> 6050000
A9: =A8+1 -> 6 | B9: NOUVELLE CONSTRUCTION | C9: 1 | D9: ='DQE NOUV CONSTRUCTION'!F61 -> 60947510 | E9: =+D9*C9 -> 60947510
A10: TOTAL EN ARIARY TTC | E10: =SUM(E4:E9) -> 3.4712478e+08
A12: Arrêté le présent devis à la somme de: "Trois cent quarante sept millions cent vingt quatre mille sept cent soixante dix huit Ariary"
E14: Le Responsable
